Temperature,Humidity,Moisture,Soil Type,Crop Type,Nitrogen,Phosphorous,Potassium,Fertilizer Name
34,59,64,Clayey,Cotton,20,23,10,28-28
27,68,37,Sandy,Sugarcane,19,1,22,10-26-26
38,67,45,Sandy,Millets,24,10,5,14-35-14
32,53,60,Loamy,Barley,28,22,22,Urea
38,54,37,Black,Barley,1,26,9,14-35-14
30,70,37,Black,Cotton,17,40,0,28-28
35,56,36,Loamy,Sugarcane,23,30,19,Urea
25,53,34,Black,Wheat,38,6,20,10-26-26
33,53,65,Sandy,Paddy,41,23,38,Urea
37,61,50,Black,Paddy,20,7,15,17-17-17
26,72,63,Clayey,Maize,29,39,3,20-20
28,70,49,Clayey,Millets,41,26,37,DAP
29,62,67,Sandy,Wheat,6,43,23,14-35-14
29,70,36,Red,Sugarcane,42,12,12,20-20
39,71,57,Loamy,Sugarcane,3,37,19,Urea
31,59,69,Black,Wheat,43,8,40,14-35-14
32,63,61,Sandy,Wheat,17,28,17,10-26-26
31,55,26,Loamy,Millets,32,40,14,28-28
35,73,40,Sandy,Tobacco,37,27,32,17-17-17
30,64,64,Loamy,Barley,11,1,34,10-26-26
34,53,39,Clayey,Wheat,25,27,44,14-35-14
29,68,63,Red,Wheat,7,16,9,28-28
39,55,58,Clayey,Wheat,19,40,11,10-26-26
39,50,39,Clayey,Maize,4,10,3,Urea
36,73,44,Black,Maize,18,36,44,28-28
35,57,41,Loamy,Barley,7,14,27,17-17-17
25,56,65,Black,Barley,11,37,35,28-28
32,67,37,Black,Wheat,9,42,7,28-28
32,67,36,Sandy,Sugarcane,23,17,30,10-26-26
31,69,59,Black,Paddy,21,43,36,20-20
32,58,56,Sandy,Tobacco,12,39,26,DAP
38,65,63,Clayey,Cotton,36,16,8,20-20
33,52,56,Red,Maize,36,30,21,14-35-14
28,50,46,Red,Paddy,14,25,30,Urea
25,63,39,Red,Tobacco,7,13,30,28-28
34,69,49,Black,Tobacco,29,11,27,DAP
29,70,41,Black,Tobacco,44,31,35,DAP
31,61,65,Clayey,Wheat,43,17,33,28-28
34,53,59,Sandy,Maize,13,14,27,20-20
31,71,52,Black,Paddy,40,35,24,28-28
35,58,39,Red,Sugarcane,30,19,15,14-35-14
25,59,51,Red,Wheat,41,37,4,20-20
36,59,46,Clayey,Wheat,14,3,35,28-28
26,61,43,Sandy,Barley,14,43,38,14-35-14
25,62,58,Clayey,Barley,14,19,0,17-17-17
38,71,49,Black,Paddy,6,17,12,28-28
32,62,62,Red,Tobacco,18,40,39,10-26-26
38,50,27,Loamy,Sugarcane,21,39,40,14-35-14
36,55,66,Black,Sugarcane,22,42,42,DAP
25,60,53,Loamy,Maize,16,14,6,20-20
26,70,46,Loamy,Tobacco,7,28,28,28-28
37,71,49,Loamy,Wheat,3,9,27,28-28
35,54,54,Loamy,Tobacco,36,2,34,28-28
39,67,57,Loamy,Barley,24,30,21,28-28
27,62,36,Clayey,Tobacco,4,10,35,Urea
37,62,26,Black,Barley,17,29,41,14-35-14
31,70,52,Black,Barley,34,10,8,DAP
31,62,66,Red,Cotton,34,0,33,28-28
31,71,37,Red,Cotton,30,8,38,DAP
38,61,43,Loamy,Cotton,11,41,44,14-35-14
25,67,53,Loamy,Cotton,34,34,21,14-35-14
31,60,35,Black,Tobacco,42,3,29,Urea
37,66,44,Sandy,Barley,18,14,1,14-35-14
34,73,37,Red,Tobacco,35,37,30,10-26-26
30,64,26,Loamy,Barley,43,28,24,Urea
36,54,50,Red,Sugarcane,21,13,8,20-20
27,68,28,Red,Maize,44,27,28,28-28
34,65,57,Loamy,Maize,4,27,37,10-26-26
27,52,38,Loamy,Paddy,17,22,30,17-17-17
30,63,48,Sandy,Paddy,42,18,35,14-35-14
31,60,36,Black,Sugarcane,29,9,12,17-17-17
26,56,41,Clayey,Tobacco,28,18,20,Urea
35,73,41,Clayey,Maize,14,12,41,17-17-17
26,57,69,Sandy,Wheat,17,26,11,10-26-26
27,57,37,Sandy,Paddy,15,28,12,10-26-26
37,55,35,Sandy,Tobacco,17,3,43,28-28
29,69,65,Black,Paddy,17,26,5,14-35-14
34,67,39,Black,Tobacco,8,9,38,14-35-14
28,54,56,Black,Maize,1,44,14,14-35-14
25,59,59,Red,Paddy,42,10,25,17-17-17
32,73,57,Black,Millets,40,31,38,28-28
28,51,53,Red,Cotton,42,29,32,10-26-26
32,63,43,Sandy,Cotton,0,17,37,20-20
25,66,27,Red,Tobacco,23,40,18,10-26-26
29,67,31,Red,Cotton,20,5,4,17-17-17
30,52,35,Sandy,Paddy,29,9,40,10-26-26
28,63,31,Loamy,Millets,41,1,42,28-28
26,73,34,Clayey,Tobacco,28,7,8,20-20
36,74,35,Red,Millets,40,13,20,14-35-14
29,71,57,Clayey,Sugarcane,29,17,10,Urea
29,71,35,Loamy,Sugarcane,29,15,16,28-28
37,62,65,Sandy,Cotton,36,25,30,17-17-17
33,61,61,Black,Maize,34,7,41,DAP
33,72,64,Clayey,Paddy,27,6,15,Urea
38,71,68,Black,Sugarcane,36,4,27,Urea
27,51,57,Clayey,Cotton,34,20,19,14-35-14
32,61,61,Black,Maize,34,33,26,DAP
34,58,39,Loamy,Barley,37,15,37,20-20
28,61,53,Sandy,Maize,31,20,36,DAP
28,63,64,Black,Cotton,12,10,7,14-35-14
35,69,63,Sandy,Millets,18,5,18,17-17-17
35,59,65,Red,Cotton,31,33,18,DAP
35,73,39,Red,Wheat,22,0,31,10-26-26
28,50,61,Clayey,Sugarcane,29,2,1,17-17-17
31,65,52,Clayey,Barley,41,18,44,Urea
32,65,49,Loamy,Paddy,11,33,36,20-20
35,71,25,Clayey,Cotton,0,26,17,20-20
32,64,61,Sandy,Tobacco,7,15,30,Urea
34,57,48,Black,Millets,9,26,40,17-17-17
38,50,51,Loamy,Tobacco,12,34,34,DAP
39,66,29,Loamy,Tobacco,41,11,6,Urea
34,74,64,Black,Cotton,8,22,34,20-20
28,55,40,Loamy,Cotton,18,13,24,DAP
28,61,63,Clayey,Maize,36,3,1,20-20
25,65,32,Black,Sugarcane,35,0,12,DAP
26,62,29,Black,Maize,14,20,8,17-17-17
27,73,69,Red,Barley,34,0,6,20-20
34,53,34,Red,Tobacco,13,8,16,DAP
34,54,27,Red,Tobacco,42,26,27,20-20
36,63,69,Black,Wheat,0,19,34,20-20
36,59,45,Black,Wheat,28,13,17,DAP
35,62,37,Clayey,Paddy,18,36,27,17-17-17
39,74,53,Red,Sugarcane,40,22,30,Urea
30,54,40,Loamy,Sugarcane,8,4,0,28-28
35,72,35,Clayey,Wheat,9,14,44,DAP
31,50,42,Sandy,Barley,29,21,43,17-17-17
31,73,25,Black,Paddy,31,24,17,17-17-17
31,68,34,Red,Cotton,20,39,8,Urea
26,58,47,Black,Millets,8,31,29,10-26-26
28,60,45,Red,Paddy,2,30,15,17-17-17
37,71,31,Loamy,Cotton,14,36,43,DAP
28,72,32,Loamy,Tobacco,26,19,29,20-20
29,63,32,Clayey,Paddy,2,37,38,20-20
29,55,49,Clayey,Tobacco,21,26,23,20-20
39,64,34,Loamy,Paddy,34,17,5,DAP
37,59,47,Black,Barley,33,5,34,DAP
30,55,36,Loamy,Cotton,12,5,36,Urea
32,61,42,Loamy,Tobacco,40,8,26,14-35-14
33,52,32,Sandy,Sugarcane,7,4,15,17-17-17
31,50,57,Red,Wheat,4,27,21,14-35-14
37,50,49,Sandy,Maize,40,31,18,Urea
37,60,30,Sandy,Tobacco,11,24,7,20-20
31,65,26,Black,Sugarcane,16,6,12,Urea
36,70,27,Black,Sugarcane,41,11,33,10-26-26
36,51,25,Clayey,Barley,26,26,11,Urea
30,59,47,Loamy,Barley,6,14,39,DAP
25,53,40,Black,Cotton,7,38,24,10-26-26
34,68,43,Loamy,Sugarcane,15,1,44,Urea
37,73,56,Sandy,Tobacco,2,17,42,10-26-26
38,51,59,Loamy,Sugarcane,8,34,12,10-26-26
31,68,69,Red,Sugarcane,30,31,41,14-35-14
27,58,34,Sandy,Maize,7,19,2,DAP
25,64,49,Red,Maize,1,28,7,Urea
29,62,36,Black,Wheat,5,18,22,14-35-14
27,54,40,Black,Barley,3,25,11,17-17-17
35,68,46,Sandy,Wheat,43,13,36,20-20
29,62,56,Loamy,Sugarcane,44,14,34,20-20
28,52,25,Red,Barley,39,7,0,DAP
26,64,63,Clayey,Sugarcane,32,12,17,14-35-14
35,62,58,Clayey,Sugarcane,10,28,34,20-20
32,50,37,Black,Cotton,37,36,42,14-35-14
26,51,57,Sandy,Wheat,20,23,12,17-17-17
28,60,48,Loamy,Millets,18,27,35,14-35-14
27,65,69,Black,Wheat,14,26,19,DAP
27,61,37,Loamy,Tobacco,5,40,4,14-35-14
33,63,42,Clayey,Maize,30,24,11,17-17-17
27,58,66,Black,Cotton,33,3,41,14-35-14
25,68,60,Red,Millets,22,2,1,14-35-14
29,68,51,Clayey,Sugarcane,43,16,9,20-20
31,74,29,Loamy,Barley,9,26,31,17-17-17
25,52,30,Sandy,Millets,33,28,18,Urea
27,51,66,Red,Barley,9,10,34,14-35-14
37,51,44,Clayey,Barley,18,17,30,28-28
33,57,38,Sandy,Tobacco,42,38,2,17-17-17
30,58,68,Clayey,Barley,21,8,42,Urea
26,51,52,Red,Barley,1,33,32,DAP
39,51,47,Sandy,Tobacco,37,30,4,17-17-17
38,66,30,Sandy,Wheat,42,18,6,20-20
28,55,47,Clayey,Maize,33,5,14,Urea
30,66,59,Red,Tobacco,36,9,39,DAP
39,64,67,Loamy,Tobacco,36,13,43,28-28
27,55,38,Black,Sugarcane,2,33,10,17-17-17
28,74,38,Clayey,Millets,38,17,11,14-35-14
36,68,62,Sandy,Barley,22,40,30,14-35-14
26,60,40,Black,Tobacco,8,33,29,28-28
26,67,26,Red,Sugarcane,9,16,26,Urea
34,69,48,Red,Millets,9,0,41,10-26-26
36,61,40,Clayey,Millets,7,15,2,10-26-26
33,54,36,Black,Tobacco,25,6,29,28-28
25,67,62,Loamy,Wheat,11,23,14,Urea
30,52,28,Red,Cotton,44,23,40,28-28
33,62,57,Sandy,Cotton,36,6,6,14-35-14
25,55,62,Black,Paddy,15,10,42,10-26-26
32,64,36,Loamy,Sugarcane,35,34,7,14-35-14
33,70,48,Red,Millets,23,21,18,28-28
33,62,63,Loamy,Sugarcane,6,30,39,17-17-17
34,50,64,Black,Maize,2,18,34,DAP
36,59,42,Black,Barley,7,28,27,DAP
32,71,47,Sandy,Paddy,39,27,1,DAP
25,55,44,Loamy,Cotton,40,3,23,17-17-17
